{
  "temperature": 1.420384407043457,
  "val_samples": 748,
  "metrics_test": {
    "nll_uncal": 0.4023032598338466,
    "nll_cal": 0.3279545260877864,
    "brier_uncal": 0.09967158856286974,
    "brier_cal": 0.0944729277370293,
    "ece_uncal": 0.08232608963979765,
    "ece_cal": 0.058473346811352356
  }
}