condition,param,accuracy,f1_macro
clean,,0.856858846918489,0.8562400762146714
stretch_rate,0.9,0.8508946322067594,0.8500387573788086
