{
  "T": 1.0122982263565063,
  "val_samples": 748,
  "metrics_test": {
    "nll_uncal": 0.3071026738517677,
    "nll_cal": 0.30733464681251427,
    "brier_uncal": 0.09054431281838701,
    "brier_cal": 0.09063282210329666,
    "ece_uncal": 0.02437588649596097,
    "ece_cal": 0.026428718392441944
  }
}