{
  "temperature": 1.4874403476715088,
  "val_samples": 748,
  "metrics_test": {
    "nll_uncal": 0.3377624567698304,
    "nll_cal": 0.30041889249149256,
    "brier_uncal": 0.09272635967393766,
    "brier_cal": 0.08964746328601624,
    "ece_uncal": 0.05387682000179245,
    "ece_cal": 0.022206732676986043
  }
}