{
  "best_epoch": 11,
  "best_metric": 0.8820503920609627,
  "monitor": "f1_score_macro",
  "sad_threshold": 0.4700000000000001
}